{"posicion":{"x":1318.1697998046875,"y":1.3888698816299439,"z":1048.52783203125}}